ISBN,Title,Author,Id
057219088-3,Slumber Party Massacre, The,Alecia Polycote,2
198033622-9,Clonus Horror, The,Demetris McAlester,3
870122662-2,O Brother, Where Art Thou?,Kristyn Douch,4
687466479-4,Red Lights (Feux rouges),Therine Mc Grath,5
327997224-8,Fury,Lianne Mayhow,6
147671554-8,Alone for Christmas,Aksel D'Ambrogi,7
009053782-3,Rudy,Toinette Grigor,8
063954948-9,Twilight Samurai, The (Tasogare Seibei),Katy Titcomb,9
839509939-8,Neighbors,Maire Rive,10
286641275-3,Bête humaine, La,Margarette Beals,11
108479409-8,Romeo and Juliet,Arlana Harriott,12
761507515-7,Blue Valentine,Caro Derrett,13
760023852-7,Music for One Apartment and Six Drummers,Bridget Sinkinson,14
853725553-X,Celeste and Jesse Forever (Celeste & Jesse Forever),Theodosia Ottery,15
621321019-9,Before Midnight,Dermot Cotterel,16
190736999-6,Solo,Artie MacCafferky,17
757057008-1,Valley of Head Hunters,Yorker Filyaev,18
556606918-5,She No Longer Talks, She Shoots,Welch Goldberg,19
947110857-8,BloodRayne,Andi Lithgow,20
706987711-0,Disco Dancer,Isabelita Janway,21
702450665-2,Firestarter,Tilda Schirak,22
066419203-3,Lisa Picard is Famous (a.k.a. Famous),Kathye Morphew,23
855244339-2,Sunday,Terrel McGlone,24
694337852-X,Around the World in 80 Days,Rosalinda Jeppe,25
175498085-6,Ronal the Barbarian,Pieter Tesche,26
825581127-3,Pianomania,Chloe Eacott,27
688897414-6,David Holzman's Diary,Shanda Slinn,28
486923723-7,There's Always Tomorrow,Teresita MacGorman,29
946155190-8,Night Train,Maximilianus Bernhard,30
080293680-6,Adam and Dog,Celene Penni,31
524427717-0,Werewolf, The,Tildi O'Nions,32
965895175-9,Pure Country,Lynea Barroux,33
568687861-7,Manitou, The,Ash Fenech,34
680987525-5,Dark Journey,Jannelle Petracci,35
996833582-7,Emergo (Apartment 143),Marlo Eggleson,36
836599539-5,Hoffman,Violante Corston,37
506857116-4,Without Warning,Elisabeth Truce,38
400380661-1,Crossfire,Winona Sousa,39
782203582-7,Toy Story of Terror,Lurline Sitlinton,40
010883385-2,Come See the Paradise,Katti Tarbath,41
351893527-5,Together (Han ni Zai Yiki),Enrico Knewstub,42
647856181-X,Tokyo Chorus (Tôkyô no kôrasu),Koral Betteriss,43
378781277-6,Il cappotto di legno,Bryn Yakushkin,44
317487160-3,Sleepwalk with Me,Camellia Yurchishin,45
295259089-3,Makai Tensho: Samurai Reincarnation (Makai tenshô),Kaiser Walling,46
550984259-8,Shameless (Maskeblomstfamilien ),Val Imlach,47
775348639-X,Shadrach,Serene Truelock,48
928044347-X,Idle Hands,Stanly Rix,49
877586804-0,Zatoichi's Pilgrimage (Zatôichi umi o wataru) (Zatôichi 14),Anselm Rookesby,50
209842472-8,Breaking the Girls,Auguste Beamand,51
852710533-0,Boyfriends and Girlfriends (a.k.a. My Girlfriend's Boyfriend) (L'ami de mon amie),Maggy Etteridge,52
622707076-9,Charlie's Country,Felecia Linggood,53
221766643-6,Profession of Arms, The (Il mestiere delle armi),Matty Bennen,54
907696184-0,Man of the World,Cristal Popple,55
287521878-6,Man in the Iron Mask, The,Odele Townes,56
236097837-3,Irene, Go Home! (Irena do domu!),Nerissa Burniston,57
153471557-6,Port of Shadows (Quai des brumes),Foss Witherspoon,58
685433686-4,Paradise: Love,Dyna Marlin,59
765474577-X,Hiding Out,Aluin Seeviour,60
914768976-5,Love Wrecked,Yorgos Perchard,61
631671691-5,Breakheart Pass,Eleanora Charrette,62
781310903-1,Middle of Nowhere,Keeley Rothermel,63
348246917-2,Libel,Marcello Barlace,64
713987067-5,French Lieutenant's Woman, The,Frederik Cattonnet,65
055981846-7,Clonehunter,Alec Breens,66
072719334-1,Killer McCoy,Kory Kelemen,67
359094843-4,Chennai Express,Tilda Splain,68
184005836-6,Animal Love (Tierische Liebe),Philippa Nodes,69
010664448-3,Out On A Limb,Nap Donaldson,70
832292446-1,Divo, Il,Isadore Witheridge,71
465169140-4,Fried Green Tomatoes,Mureil Chetham,72
973507834-1,Serbian Film, A (Srpski film),Brittaney De Matteis,73
103497842-X,Free to Play,Bunnie Agglione,74
664049761-1,Han Gong-ju,Mason Erb,75
794830316-2,Man Who Saves the World, The (Dünyayi Kurtaran Adam),Andeee Kennington,76
913504073-4,Dr. Wai in the Scriptures with No Words (Mao xian wang),Park MacLeod,77
731280409-8,Ju-on: The Grudge 2,Nichols Leatt,78
132513180-6,Tales from the Hood,Kitty Dimitriades,79
038436263-X,Hollywood Homicide,Keelia Brankley,80
414946418-9,Rock-A-Doodle,Claudie Jillings,81
386864840-2,Lupin III: Sweet Lost Night (Rupan Sansei: Sweet Lost Night),Dedie Pellitt,82
948491830-1,Just Imagine,Sandro Buzine,83
802293606-5,Snowman, The,Fredra Salter,84
818059676-1,One Magic Christmas,Lilah Hendrik,85
508789747-9,Timecop,Blayne Linfoot,86
221277738-8,Zus & Zo,Catherine Dudny,87
141851623-6,Skhizein,Corinna Archard,88
799615287-X,Blue Max, The,Archibald Sansum,89
266096434-3,Ishtar,Devonne Coster,90
876433498-8,Satisfaction (a.k.a. Girls of Summer),Delphine Audibert,91
736551342-X,Sudden Wealth of the Poor People of Kombach, The (Der plötzliche Reichtum der armen Leute von Kombach),Belva Martonfi,92
816518177-7,Rampo (a.k.a. The Mystery of Rampo),Barbi Whittock,93
855341011-0,Staten Island,Danika Charlin,94
219888198-5,Common Places (a.k.a. Common Ground) (Lugares comunes),Annadiane De Caroli,95
844837942-X,Weather Man, The,Jenda Theseira,96
580965786-9,Frogs for Snakes,Otho Kyberd,97
843337181-9,Devil Is a Woman, The,Haven Sprankling,98
952972204-4,India's Daughter,Bren Jonson,99
336299068-1,Spy Kids 2: The Island of Lost Dreams,Morley Strete,100
625305416-3,Landet som icke är,Zilvia Treadgall,101
703821077-7,Conan the Barbarian,Merla Pahl,102
294677470-8,Where Are My Children?,Erika Iannuzzi,103
992343403-6,Born to Dance,Tiffi Deeble,104
771606975-6,Girl Next Door, The,Liza Theseira,105
128389483-1,Marci X,Murielle de Chastelain,106
626649110-9,Mouth to Mouth,Cecilla Gartan,107
860915166-2,Needing You... (Goo naam gwa neui),Kasper Standen,108
785343139-2,Back in the Day,Cart Kopf,109
535648254-X,Girls Will Be Girls,Carr Treher,110
732781743-3,Standing in the Shadows of Motown,Matelda Brasher,111
766342077-2,The Gold Spinners,Forest Earlam,112
979611562-X,Titus,Isadore Eltringham,113
053696205-7,Let the Fire Burn,Friedrick Tuma,114
799470678-9,When Worlds Collide,Elisha Ipsly,115
074635944-6,Animal, The,Tootsie Mussetti,116
960792699-4,Gas, Inspector Palmu! (Kaasua, komisario Palmu!),Melinde Stannah,117
841022856-4,Love Steaks,Bobby Razoux,118
533170083-7,Dragon Ball Z: Dead Zone (Doragon bôru Z 1: Ora no Gohan wo kaese),Chen Revens,119
752801756-6,Best of the Best,Rubia Metzke,120
120681001-7,I Am the Law,Buckie Vasyuchov,121
719297775-6,Dragon Ball Z: The Return of Cooler (Doragon bôru Z 6: Gekitotsu! Hyakuoku pawâ no senshi),Bendite Duesberry,122
102166944-X,Call of the Wild, The,Perla Perrott,123
829609522-X,Bring It On: Fight to the Finish,Finlay Ridesdale,124
559514511-0,White Lightnin',Leela McMennum,125
135161181-X,Damsel in Distress, A,Zara Jerrolt,126
687893858-9,If These Walls Could Talk,Orazio Stratz,127
048695921-X,Ulysses (Ulisse),Massimiliano Bondy,128
922993582-4,Woman in Black, The,Chrotoem Bonett,129
591949002-0,Up the Sandbox,Hagen St. Paul,130
489919863-9,Legends of the Canyon,Jyoti Mallord,131
104506808-X,Kaspar Hauser,Martie Lovat,132
870822029-8,StreetDance 3D,Johanna Luckie,133
003622531-2,Mister Buddwing,Afton Rayworth,134
088424494-6,3:10 to Yuma,Ronda Weatherill,135
724274504-7,Michael Shayne: Private Detective,Becca Aldwinckle,136
935942214-2,Rebel, The (Le Rebelle),Joachim Scarr,137
592163875-7,Arsenic and Old Lace,Page Bretherick,138
710165626-9,Antisocial,Maddy Klee,139
465096113-0,Weather Man, The,Eamon Harnetty,140
164480487-5,Minus Man, The,Jarid Glasheen,141
534487112-0,Matewan,Starlene Fynes,142
747665595-8,Bunch Of Amateurs, A,Dexter Denisyev,143
616535296-0,Dragon Ball Z: Broly - The Legendary Super Saiyan (Doragon bôru Z 8: Moetsukiro!! Nessen retsusen-chô gekisen),Malcolm Coulman,144
143937979-3,Santa Clause 2, The,Filia Bateup,145
299183722-5,Goke, Body Snatcher from Hell (Kyuketsuki Gokemidoro),Chastity Daouze,146
306980276-1,Kumaré,Northrup Cheel,147
018355848-0,Dead Silence,Judie Gritsunov,148
279358585-8,The Heavy,Glynis Radbourne,149
408753394-8,Beyond the Fear,Mamie Battison,150
617705502-8,Rogue Cop,Calli Massard,151
168509822-3,Full Monty, The,Beauregard Pasque,152
512573955-3,Judas Kiss,Sofie Reichelt,153
123749608-X,Why We Fight,Rosalyn Ledwitch,154
801445147-3,Silent House,Errol Ogger,155
913840228-9,I'll Cry Tomorrow,Oberon Ebanks,156
381500965-0,Word Wars,Den McAlester,157
735883216-7,Hammett,Siffre Sikorski,158
409666639-4,Heima,Rhett Bearn,159
984806518-0,Most Wanted Man, A,Giles Allibon,160
481031831-1,Wonderful Ice Cream Suit, The,Georgianna Sidebotton,161
077828109-4,Any Number Can Play,Rhoda Careless,162
542554440-5,My Cousin Vinny,Law Mycroft,163
266058827-9,Run of the Country, The,Bianca Georgeon,164
020297912-1,Damn the Defiant! (H.M.S. Defiant),Wainwright Moreton,165
394150297-2,Secret Garden, The,Merry O'Fairy,166
893707782-5,Last Flight of Noah's Ark, The,Jasmin Sisse,167
553344604-4,In Old Arizona,Valery Ackred,168
759797193-1,Two of Us, The (Le vieil homme et l'enfant),Kendell Bourne,169
693737995-1,Partners,Bernadine Lorking,170
139605576-2,Small Town of Anara (Qalaqi Anara),Thorn Matushevich,171
790875227-6,Zatoichi Challenged (Zatôichi chikemuri kaidô) (Zatôichi 17),Jaquelin Ainsby,172
031938323-7,Dolemite,Duky Bortoli,173
204283739-3,Full Speed (À toute vitesse),Loralyn Schwier,174
144330129-9,Return of a Man Called Horse, The,Birgitta Daintrey,175
904974028-6,The Baker's Wife,Enid Gallimore,176
128986277-X,See You in the Morning,Penn Rao,177
763615197-9,Johnny Tremain,Jaclyn Snaith,178
826809884-8,Magic in the Water,Seymour Braybrooke,179
896544528-0,Antichrist,Tadd Troppmann,180
270988780-0,D.L. Hughley: Reset,Berny Henningham,181
817455775-X,Christmas Evil (a.k.a. You Better Watch Out),Hube Poone,182
248324450-5,Garbo the Spy (Garbo: El espía),Joli Blooman,183
486004031-7,Hole, The,Pascale Ghilks,184
200107823-4,Leap Year,Veronika Tottle,185
496589922-9,Descent: Part 2, The,Clair Guislin,186
348470871-9,Pearl Jam: Immagine in Cornice - Live in Italy 2006,Cordell Skelcher,187
305728549-X,Zuzu Angel,Riccardo Shelley,188
966832420-X,Satan's Tango (Sátántangó),Morgen Uppett,189
185858956-8,Make Them Die Slowly (Cannibal Ferox),Cherie Seavers,190
198181541-4,Commander Hamilton (Hamilton),Albina Hazard,191
160922095-1,Between the Devil and the Deep Blue Sea,Estrella Belderfield,192
238658295-7,Sick Girl,Yettie Clemont,193
000984222-5,Sin Nombre,Sander Covill,194
268029179-4,Life and Death of Peter Sellers, The,Virgie Proger,195
024808010-5,Thief of Hearts,Winna Erwin,196
949781851-3,47 Ronin,Tisha Seabridge,197
189328731-9,Woman Always Pays, The (Afgrunden) (Abyss, The),Meaghan Kenna,198
212323359-5,Louis C.K.: Live at the Beacon Theater,Anallese MacAiline,199
402271774-2,Marriage of Maria Braun, The (Ehe der Maria Braun, Die),Andree Chung,200
306729732-6,Annie Get Your Gun,Hanni Jarrard,201
196362095-X,Way Ahead, The (a.k.a. The Immortal Battalion),Michaeline Jobbings,202
523798835-0,Same Love, Same Rain (El mismo amor, la misma lluvia),Abeu Strain,203
384149182-0,Girl 27,Beverlee Bernette,204
476904669-3,Marat/Sade,Jodi Mableson,205
969935871-8,Nostalgia for the Light (Nostalgia de la luz),Hermia Litherborough,206
274987087-9,Closer,Carita Wands,207
814040771-2,Joy Ride 2: Dead Ahead,Marje Patriche,208
772119881-X,Stella Does Tricks,Cyndy Gearing,209
292713732-3,Never Been Kissed,Gill Aurelius,210
734866426-1,Reign of Fire,Cornell Rennocks,211
716574391-X,Hellsing Ultimate OVA Series,Zachariah Tribble,212
912227244-5,Northwest,Cortie Boobier,213
802962271-6,It's a Small World,Laurence Ollerton,214
936053809-4,Love & Human Remains,Annetta Greenall,215
419204569-9,Army Brats (Schatjes!),Lorrie Tebald,216
857848911-X,Phantom Carriage, The (Körkarlen),Eddy Barlas,217
597575981-1,Officer and a Gentleman, An,Sylvester Abreheart,218
421506909-2,Hedd Wyn,Frasquito Wehnerr,219
254016302-5,Dancing Hawk, The (Tanczacy jastrzab),Massimo Conybear,220
799920245-2,Sambizanga,Violette Conisbee,221
875708326-6,Virginity Hit, The,Clementina Cornels,222
833985372-4,Cotton Club, The,Laurel Groucock,223
018248904-3,Leviathan,Austin Daubney,224
415287624-7,FC Venus,Johnathon Souley,225
150847216-5,Firehouse Dog,Jemima Cabrara,226
060382319-X,Hurry Sundown,Marie Lashmore,227
703357471-1,Slumber Party Massacre, The,Osbert Caunce,228
502059824-0,Cirque du Soleil: Worlds Away,Clayborn Peagram,229
031402922-2,Roberto Succo,Antonino Leftwich,230
687283183-9,Red,Martina Woodlands,231
876364762-1,Super Demetrios,Anthia Wellbeloved,232
297986007-7,Miracle on 34th Street,Wait Nutkin,233
633620393-X,Narco Cultura,Wallie Fellon,234
328832051-7,Bloody Pit of Horror (Il boia scarlatto) (Virgins for the Hangman),Aila Painswick,235
105053374-7,How to Cook Your Life,Tuckie McGiffie,236
694859422-0,Safe Haven,Julianna Nisby,237
663952238-1,Samurai Vendetta,Atalanta Olivi,238
827200951-X,Hound of the Baskervilles, The,Edlin Feige,239
559610503-1,Beau Brummel,Towny Maccaddie,240
696331988-X,You Were Never Lovelier,Gregorius Dennick,241
409702026-9,Lost in Austen,Katuscha Cumo,242
403620067-4,Rid of Me,Jillian Gerish,243
508348546-X,Tenure,Rodrick Barkess,244
991589321-3,Rolling,Valery Chang,245
985958001-4,Office Killer,Mariana Joseph,246
445024559-8,Hoffman,Demetri Papen,247
929027548-0,Jerry Springer: Ringmaster,Sheffie Petris,248
860387202-3,Of Unknown Origin,Jerad Gribble,249
079614608-X,What Will You Do When You Catch Me? (Co mi zrobisz jak mnie zlapiesz?),Calhoun Murrill,250
555426405-0,Wrong Arm of the Law, The,Mechelle Spraggs,251
822299917-6,Beautiful Kate,Findley Plumstead,252
815570852-7,Water Drops on Burning Rocks,Imelda Guirard,253
151351748-1,Z Channel: A Magnificent Obsession,Oona Mila,254
342092967-6,Batman Forever,Karylin Tansley,255
616911300-6,Yanks,Cordelie Blaase,256
132878747-8,Mr. Freedom,Holli Coit,257
899240175-2,Train of Shadows (Tren de sombras),Hersch Fendlow,258
260309263-4,Rouge (Yin ji kau),Dar Mart,259
290475897-6,Skin,Jennette Leguay,260
125652931-1,Fred Claus,Conni Weekly,261
281426768-X,I Melt with You,Chastity Pascoe,262
371820058-9,Inconvenient Truth, An,Gerry Duncan,263
664140624-5,Trouble Bound,Ynes Jefford,264
967538212-0,Let's Make Love,Jorrie Harrhy,265
307184063-2,Constant Gardener, The,Hayward Nolin,266
222197098-5,20 Dates,Cindie Pavese,267
587421557-3,Redline,Pattie Sogg,268
266183610-1,O Brother, Where Art Thou?,Silvio Abramski,269
484945446-1,Interior. Leather Bar.,Susanna Kingsmill,270
649409988-2,Kicked in the Head,Heida Kilcullen,271
427686754-1,Dan in Real Life,Amil Purcer,272
135067924-0,Requiem for a Heavyweight,Abel Brandel,273
621618458-X,Descendants, The,Janeva Mongenot,274
523925347-1,Dancing in September,Mireielle Boater,275
594804577-3,Kazaam,Oralia Gibbons,276
371028029-X,Yellow Sea, The (a.k.a. The Murderer) (Hwanghae),Chaim Bryer,277
271840837-5,Lucy,Krishna Hexter,278
420083464-2,Ninja III: The Domination,Paxton Antcliff,279
836510624-8,Cool School, The,Isadore Meineck,280
187030379-2,Time of Eve (Eve no jikan),Julieta Ewdale,281
875293552-3,Upstream Color,Rees Arington,282
553644272-4,Winter Nomads,Adella Greenhouse,283
069801123-6,Captain Thunder (Capitán Trueno y el Santo Grial, El) (Prince Killian and the Holy Grail),Minne Hance,284
472234144-3,Break Up,Orelee Gotmann,285
480885595-X,All That Jazz,Avril Soame,286
020212067-8,Virgin Stripped Bare by Her Bachelors (Oh! Soo-jung),Rex Jevons,287
648191067-6,Initiation, The,Alwyn O'Boyle,288
442349583-X,Naked Weapon (Chek law dak gung),Kacy Roke,289
072962466-8,4 Months, 3 Weeks and 2 Days (4 luni, 3 saptamâni si 2 zile),Aldridge Meak,290
385739393-9,Kicking and Screaming,Xenos Archibold,291
342212762-3,Devil's Pond,Cassandry Wroughton,292
384988889-4,Crimewave,Rudyard Vosse,293
529057896-X,Zarafa,Cathryn Hachette,294
521525024-3,City on Fire (Lung fu fong wan),Anni L'Homme,295
531281287-0,Chronicle,Beilul Gerred,296
145491749-0,Music for One Apartment and Six Drummers,Kristyn Caldicott,297
026233120-9,Paranoid Park,Angelico Finby,298
822029097-8,Humble Pie (American Fork),Damaris Given,299
282243462-X,Meilleur espoir féminin,Seana Coultous,300
219437556-2,Maria Bamford: The Special Special Special!,Winnie Bruce,301
611731186-9,Roadside Prophets,Ruthy O'Dooghaine,302
948356883-8,Pope Joan (Die Päpstin),Catie Dawbery,303
360475905-6,Elephant in the Living Room, The,Quill McDuffie,304
849467469-2,Space Pirate Captain Harlock: Arcadia of My Youth (Waga seishun no Arcadia),Noll Sebright,305
383982251-3,Broken English,Celie Haste,306
764080945-2,Bay of Angels (La baie des anges),Nealson Whates,307
304019902-1,Most Dangerous Man in America: Daniel Ellsberg and the Pentagon Papers, The,Louis Law,308
908864992-8,Run for Cover,Jacqueline Gaylor,309
270838753-7,Rabid,Shirlene Gilhooley,310
903753700-6,Zombeavers,Urbanus Jerdan,311
221124395-9,Two Queens and One Consort (Twee vorstinnen en een vorst),Jarrid Vyvyan,312
716623768-6,The Beast of the City,Shurlocke Renwick,313
512003308-3,Easy Living,Corrianne Burkwood,314
339300133-7,In Between Days,Leoline Matitiaho,315
663190197-9,Holiday in Handcuffs,Cello Oakden,316
915015762-0,Village People,Almeta Grushin,317
468034775-9,Back to the Garden, Flower Power Comes Full Circle,Gussi Devoy,318
416563223-6,Night Nurse,Bridgette Kulicke,319
540822113-X,Merchant of Venice, The,Ashlin Vise,320
618604711-3,NATO's Secret Armies (Gladio: L'esercito segreto della Nato),Joshia Wakeley,321
451249227-5,Can't Help Singing,Elysee Natt,322
437627846-7,Going Straight,Basilius Iacobassi,323
028174892-6,Now and Then,Antonina Cornwall,324
562321792-3,Wanderlust,Alexandr Avrasin,325
168894353-6,Jacky in the Kingdom of Women,Daren Boddy,326
067370293-6,Rusalochka (The Little Mermaid),Nonie Udy,327
951833797-7,Castle, The (Das Schloß),Jeromy Strangeways,328
922185682-8,Savage Three,Bartolemo Mereweather,329
432625090-9,Godzilla vs. The Sea Monster (Gojira-Ebira-Mosura: Nankai no daiketto),Dana Maffione,330
094188231-4,Jerry Seinfeld: 'I'm Telling You for the Last Time',Karoly Josefs,331
925130693-1,Draft Day,Marlo Fronzek,332
525311026-7,Predictions of Fire (Prerokbe Ognja),Benetta Doonican,333
797943531-1,Dead Ahead: The Exxon Valdez Disaster,Mercedes McAllester,334
907598635-1,Ring Two, The,Dalila Mackieson,335
479307477-4,Honeysuckle Rose (a.k.a. On the Road Again),Howie Wicken,336
445398823-0,Addicted to Plastic,Joelle Hopewell,337
496489343-X,Ito: A Diary of an Urban Priest (Seitti - kilvoittelijan päiväkirja),Darsey Acors,338
829914514-7,Kama Sutra: A Tale of Love,Haven Cavaney,339
193975939-0,Flying Swords of Dragon Gate, The (Long men fei jia),Thurston Cohn,340
665472244-2,The Unexpected Love,Ernesto Jullian,341
466434811-8,Beauty and the Boss,Vernen Elphinston,342
664852499-5,Rocky Horror Picture Show, The,Derrick Elms,343
317326014-7,Just 4 Kicks,Adda Bloore,344
213257519-3,Carandiru,Doria McKim,345
676404845-2,Escape From Tomorrow,Marni Oertzen,346
798739795-4,Battle of Algiers, The (La battaglia di Algeri),Wallie Boow,347
088788132-7,Southern District (Zona Sur),Aila Griffiths,348
679710102-6,Crack-Up,Bunnie Schukert,349
906651011-0,I Want a Dog for Christmas, Charlie Brown,Beatrice Scedall,350
684288729-1,Commando,Clemens Dodimead,351
312438873-9,Complete History of My Sexual Failures, A,Bari Sowood,352
484713697-7,Batman,Ranique Vassie,353
574325842-2,Dinner for One (Der 90. Geburtstag oder Dinner for One),Wallis Bunyan,354
020945833-X,Dinosaur Project, The,Camel Staziker,355
233808123-4,Saved!,Tommi Bosche,356
871541644-5,Prisoner, The (Island of Fire) (Huo shao dao),Paige De Vaux,357
375398632-1,Wings of Eagles, The,Veradis Blacklidge,358
449654847-X,Guide to Recognizing Your Saints, A,Dall Boothebie,359
909140152-4,Prince of Pennsylvania, The,Onfre Gall,360
842137871-6,Stan Helsing,Marsiella Scobbie,361
127236331-7,Enchanted Cottage, The,Jereme Belfelt,362
113086475-8,Cassandra Crossing, The,Lizabeth Rickerd,363
700171140-3,Thief of Bagdad, The,Allen Loiterton,364
297458305-9,You Ain't Seen Nothin' Yet (Vous n'avez encore rien vu),Leoline Huckfield,365
484583159-7,Norbit,Marcie Bursnell,366
751866847-5,Demon in My View, A (Der Mann nebenan),Deane Purcell,367
193048381-3,Aziz Ansari: Dangerously Delicious,Emmott Le Count,368
133131243-4,National Theatre Live: Frankenstein,Barry Dowsing,369
185314581-5,Accused (Anklaget),Bernita Blasi,370
843325756-0,Homicidal,Kass Coley,371
103559157-X,Beautiful Mind, A,Julio Stogill,372
445694225-8,Yes Or No,Joyann Borrowman,373
103121203-5,Six Ways to Sunday,Wat Rutherforth,374
604763462-1,Element of Crime, The (Forbrydelsens Element),Rori Gleader,375
645214362-X,La guerre des tuques,Blair Shatliff,376
288209922-3,Haunt,Elli Titley,377
136666963-0,Chaser, The (Chugyeogja),Jennine Gage,378
141037679-6,Glass Menagerie, The,Vlad Cowthard,379
226130591-5,Gitmo,Brandi Higgan,380
419369611-1,Life and Times of Hank Greenberg, The,Isiahi Carrivick,381
184109798-5,Star Trek: Insurrection,Rhianna Gundrey,382
957435549-7,Mischief,Judye Emblin,383
502265064-9,Eden of the East the Movie II: Paradise Lost (Higashi no Eden Gekijôban II: Paradise Lost),Symon Fortman,384
622324730-3,3, 2, 1... Frankie Go Boom (Frankie Go Boom),Dale Minerdo,385
297417801-4,Street Scene,Annadiana Buchan,386
724028131-0,Walking Dead, The,Christos Kulis,387
701464247-2,Scarlet Diva,Halsy Coronado,388
052018706-7,She-Devil,Di Cuzen,389
628922415-8,So Much So Fast,Zorine Morteo,390
564919052-6,Igor,Reider Shoveller,391
072111415-6,Hester Street,Felix Di Gregorio,392
128588541-4,Pink Flamingos,Ashli Faier,393
900060138-X,Phantom of the Woods,Ikey Cory,394
316612765-8,McFarland USA,Luce McCrainor,395
305261820-2,Agony and the Ecstasy of Phil Spector, The,Anton Nilges,396
679833666-3,Possessed,Alethea Cabotto,397
576609354-3,Girl, The,Esra Kedwell,398
499484951-X,Business, The,Chip Le Noury,399
803259841-3,Valley of the Dolls,Findley Simmonett,400
627818752-3,Bionicle: Mask of Light (Bionicle: Mask of Light - The Movie),Hal Clewlowe,401
536005796-3,New Best Friend,Jefferey Bloor,402
566513809-6,Rat Race, The (Garson Kanin's The Rat Race),Marysa Redmain,403
899670088-6,Casanova,Tabatha Springer,404
864975615-8,Peaceful Warrior,Guillemette Hobell,405
903574287-7,Secrets, The (Sodot, Ha-),Yancey Gromley,406
920571627-8,Eaux d'artifice,Dierdre Fulstow,407
600285003-1,Girls About Town,Hugibert Baitman,408
748580570-3,Manhunter,Micki Jerisch,409
085273598-7,Body Count,Libbi Kebbell,410
481648769-7,Babylon 5: The Gathering,Reagen Baynam,411
872178297-0,Ping Pong Playa,Waverley Brumhead,412
192380140-6,Ultimate Gift, The,Alberta Fussen,413
608598937-7,Gen-Y Cops (Te jing xin ren lei 2) (Gen-X Cops 2: Metal Mayhem) (Metal Mayhem),Easter Lawrenz,414
861383714-X,Cohen and Tate,Tomasina Farraway,415
698085634-0,Pretty One, The,Alice Stentiford,416
814585075-4,Mr. Pip,Virgie Laudham,417
649951882-4,Unconscious (Inconscientes),Brietta Sevitt,418
086485056-5,Grateful Dawg,Hatti Simmon,419
002994520-8,Born American,Krystle Lackemann,420
279743535-4,Brice Man, The (Brice de Nice),Cyrille Pywell,421
852243591-X,Blind Sunflowers, The (Los girasoles ciegos),Sargent Bulcroft,422
132362294-2,Missing William,Hyatt Pavlitschek,423
957886232-6,Trancers,Rem Stubbeley,424
954214218-8,Secrets, The (Sodot, Ha-),Erica Ryal,425
035304974-3,Symmetry (Symetria),Fritz Edgett,426
509455318-6,Shadows and Fog,Tally Bothams,427
009149563-6,Pokémon the Movie: White - Victini and Zekrom,Baxy Tilly,428
189567392-5,Elephant White,Emilie Laundon,429
883461551-4,The Cat's Out,Ruthe Poulgreen,430
296435738-2,Valerie,Catharina Narbett,431
113014090-3,Northanger Abbey,Cass Assard,432
572564226-7,Fall From Grace,Stanislaw Finnigan,433
451486887-6,Coming Apart,Melamie Fortey,434
920140457-3,Breaking News (Daai si gin),Melinde Moyse,435
416349563-0,Venom,Gardener Romei,436
314685425-2,C.H.U.D. II - Bud the Chud,Ronna Brunotti,437
036633880-3,Higher and Higher,Fielding Renehan,438
590566593-1,Tere Naam,Eolanda Lillicrap,439
926120697-2,Mission, The (Cheung fo),Byrann Kief,440
969844399-1,Poker Club, The,Gregoire Champley,441
073568181-3,Moon-Spinners, The,Brigham Mityushin,442
423511881-1,Day After Trinity, The,Tad O'Donnell,443
969752705-9,Gran Paradiso,Roxi Brendeke,444
940463263-5,Young Törless, The (Junge Törless, Der),Tremain Dedney,445
646209371-4,Body Bags,Olin Regnard,446
441492260-7,Spin,Lavena Fauning,447
110819069-3,November,Trista Baudon,448
123181897-2,Girl Play,Brandais Emms,449
592970681-6,Vengo,Magda Raoult,450
408926062-0,What Lies Beneath,Brock Harme,451
326148078-5,The .44 Specialist,Desiree Groom,452
933451467-1,Animal House,Marna Lawrie,453
304702412-X,a/k/a Tommy Chong,Lorenzo Shakshaft,454
628736559-5,Birdcage, The,Christie Kleine,455
581106079-3,V for Vendetta,Pavlov Bercher,456
113741879-6,Ten,Shamus Dunderdale,457
026601396-1,Piter FM,Sheffy Seargeant,458
224995330-9,Shifty,Sabrina Dripps,459
491816439-0,Embalmer, The (Imbalsamatore, L'),Raeann Paulig,460
482771406-1,Days Between, The (In den Tag hinein),Inger Shuter,461
482854476-3,Outfoxed: Rupert Murdoch's War on Journalism,Erwin Renachowski,462
798467953-3,Something to Sing About,Lurlene Holburn,463
657981195-1,My Letter to George (Mesmerized),Lacey Dover,464
160612566-4,Brief Encounter,Martelle Hobson,465
213875951-2,Lost for Life,Harriett Krabbe,466
171896977-5,The Story of Alexander Graham Bell,Melamie Pelfer,467
911342118-2,Valerie,Bethany Cheesman,468
930490403-X,Gang Related,Mari Bootherstone,469
238399702-1,I Really Hate My Job,Cristine Blayney,470
099388589-6,Bikini Summer,Sansone Wharmby,471
397103597-3,Manic,Garey Messier,472
956574038-3,Messenger: The Story of Joan of Arc, The,Mathe Shrimptone,473
320402597-7,Sokkotanssi,Flory Andersch,474
516041645-5,Albatross,Dermot Maben,475
972355692-8,No Regrets for Our Youth (Waga seishun ni kuinashi),Gibbie Greenaway,476
469370389-3,Bravo Two Zero,Goldarina Leteurtre,477
368178382-9,Bruno (Dress Code, The),Kailey Trail,478
866813695-X,Cat in the Hat, The,Gabriellia Dundon,479
267930150-1,Barfi!,Fonsie Ledeker,480
827742166-4,Fading Gigolo,Lianne Hrycek,481
409584444-2,Butterflies Are Free,Jacklin Dory,482
699789396-1,Sordid Lives,Shannen Sutherley,483
953602953-7,Blutzbrüdaz,Patience Pepineaux,484
059909509-1,Faster,Norene De la Zenne,485
257305797-6,The End of the Tour,Rollins Lamps,486
993434149-2,Gamera vs. Viras,Yelena Fenlon,487
498189766-9,Outsider,Jacquie Rhubottom,488
146323081-8,Santos,Raviv Durden,489
503269757-5,Everything,Loretta Ardley,490
294208625-4,House of Wax,Benedikt Harrell,491
791416119-5,One Deadly Summer (L'été meurtrier),Hagan Hedgecock,492
098520285-8,Gun in Betty Lou's Handbag, The,Juanita Couldwell,493
957789307-4,Paranormal Activity: The Marked Ones,Bo Heijne,494
328896728-6,Immensee,Annie Sargood,495
117126378-3,Kolka Cool,Arabel Wittier,496
721519596-1,Walk in the Sun, A,Gilbert Shorte,497
306732524-9,Exorcismus,Victor Duddell,498
362947415-2,Red Dawn,Brig Leicester,499
569716726-1,Once Upon a Crime...,Layne Hunnaball,500
535678870-3,Cheetah,Barney Das,501
672929559-7,Last American Virgin, The,Constancia Tour,502
034307300-5,Exit Through the Gift Shop,Solly Schimaschke,503
912537188-6,Bedazzled,Caleb Gullivent,504
066471087-5,Rocketeer, The,Bronny Kann,505
637948545-7,Parisian Love,Jemmy Bisset,506
341838401-3,Hallam Foe (Mister Foe),Falito Sibun,507
349050170-5,Hardcover,Tadd Allmann,508
685972407-2,Awful Dr. Orlof, The (Gritos en la Noche),Belvia Canepe,509
977209106-2,King of Germany,Trev Farington,510
368729548-6,Madame Bovary,Bernie Bennet,511
498345495-0,Dollman vs. Demonic Toys,Olivia Rubinow,512
238386943-0,Twice Upon a Yesterday (a.k.a. Man with Rain in His Shoes, The),Errol Pitkeathley,513
238658811-4,After Office Hours,Yancey Paolone,514
153429734-0,Harry Potter and the Sorcerer's Stone (a.k.a. Harry Potter and the Philosopher's Stone),Emyle Atkins,515
110617089-X,When Darkness Falls (När mörkret faller),Kristan Gallamore,516
716612344-3,R.I.P.D.,Haily Gasparro,517
978466989-7,Dangerous Minds,Christye Kolodziejski,518
435362197-1,Z Channel: A Magnificent Obsession,Jacintha Duffin,519
651967143-6,Unforgotten: Twenty-Five Years After Willowbrook,Derrick Scatcher,520
153407683-2,Angel at My Table, An,Kelvin Powton,521
280220736-9,Cheech & Chong's Nice Dreams,Steven Marvelley,522
105468589-4,Sugar Curtain, The (El telón de azúcar),Mead Breadon,523
321293433-6,3:10 to Yuma,Chane Whenham,524
631672329-6,Original Kings of Comedy, The,Tomlin Heighton,525
939099302-4,Urban Ghost Story,Rickie Quimby,526
870859113-X,Albuquerque,Jo-anne MacLennan,527
008658608-4,Six Pack,Brandy Dommerque,528
777803081-0,Kung Fu Panda: Secrets of the Furious Five,Abbe Turnock,529
809468535-2,Carry On, Constable,Kearney Lorait,530
830281858-5,Comanche Moon,Kathleen Haberjam,531
606084087-6,Aurora Borealis,Vernor Clough,532
398312418-6,King Rat,Efrem Auguste,533
910883025-8,'Human' Factor, The (Human Factor, The),Nelson Gatesman,534
570293999-9,Surviving Picasso,Auberon Yablsley,535
584535619-9,Vlad,Fran De'Vere - Hunt,536
347297885-6,Six in Paris (Paris vu par...),Keelia Murrigans,537
734242977-5,Addams Family Values,Waldemar MacGall,538
559528002-6,Comedy of Innocence (Comédie de l'innocence),Vita Starkey,539
465212200-4,Great Day in Harlem, A,Mano Ohm,540
057635904-1,Style Wars,Domini Kew,541
465087198-0,Atomic Cafe, The,Debbie Kelsow,542
744414635-7,Girl Next Door, The,Terra Defont,543
394457541-5,The Squeeze,Shani Hutchings,544
068026154-0,Immortals,Benedict Kubista,545
776643729-5,Beethoven's 3rd,Eben Shuttlewood,546
735031289-X,Karthik Calling Karthik,Elberta Timlin,547
753387227-4,Miss and the Doctors (Tirez la langue, mademoiselle),Remington Greenrodd,548
992974681-1,Rabbit Without Ears (Keinohrhasen),Morganica Latliff,549
119006846-X,Godzilla 1985: The Legend Is Reborn (Gojira) (Godzilla) (Return of Godzilla, The),Bernette Gateshill,550
203006251-0,Count Dracula (Nachts, wenn Dracula erwacht),Whitman Darrington,551
072830288-8,Thoroughly Modern Millie,Matthiew Salvage,552
780760800-5,Silence, The (Das letzte Schweigen),Earl Gleasane,553
710851959-3,Lupin III: The Castle Of Cagliostro (Rupan sansei: Kariosutoro no shiro),Bendick Scarisbrick,554
497439299-9,Necessary Roughness,Israel Bacup,555
701933498-9,Hidden Fortress, The (Kakushi-toride no san-akunin),Louis Bisacre,556
789389356-7,Follow the Bitch,Skye Paxman,557
455454028-6,Fake It So Real,Delmar McKenney,558
579999538-4,Winter Nomads,Audy Drakeley,559
574132647-1,Major Payne,Berkley Cosh,560
949941154-2,Little Rascals, The,Roxine Clyde,561
385777494-0,Horseman on the Roof, The (Hussard sur le toit, Le),Roderich Mayhow,562
411100665-5,George Lopez: Tall, Dark & Chicano,Gideon Casero,563
823001391-8,Single White Female,Spense Low,564
582737594-2,7 Days (Les 7 jours du talion),Adan Kinchlea,565
333528202-7,Captive Women (1000 Years from Now) (3000 A.D.),Woodrow Broadnicke,566
636786156-4,Night on Earth,Tallulah Elvins,567
982647658-7,Blackrock,Armstrong Kimbly,568
155256293-X,Conformist, The (Conformista, Il),Gussy Wilce,569
177432714-7,Gatekeepers, The,Raphaela Strathdee,570
024148097-3,Quills,Cymbre Davies,571
104537743-0,Grumpy Old Men,Mikaela Brosini,572
375594807-9,Mediterraneo,Tibold Palphreyman,573
545408968-0,Trumbo,Zerk Mantione,574
667396517-7,Blue State,Moyra Androletti,575
654067971-8,Prince and the Pauper, The,Kearney Gallaccio,576
161845975-9,Awakenings,Tome Osband,577
181019832-1,Broadway Melody, The,Geoffrey Garmon,578
477808414-4,Volunteers,Anallise Stapleton,579
820174135-8,Pirates of Silicon Valley,Neal Oselton,580
849574298-5,Cruise, The,Kassia Lowdwell,581
024844221-X,Lawless Frontier, The,Humfried Serotsky,582
739673087-2,Snowbeast,Alexis Christiensen,583
114335476-1,In Which We Serve,Elysia Tort,584
612157000-8,Chuck & Buck,Stace Jira,585
451751045-X,Nadine,Abigale Lipmann,586
019500650-X,Lost in Beijing (Ping guo),Kate Peotz,587
970290970-8,Statue of Liberty, The,Latisha Dahl,588
967836810-2,Triage,Guillaume Micklem,589
193164681-3,Treeless Mountain,Cherye Gornall,590
579726123-5,Perkele! Kuvia Suomesta,Lotty Yukhnevich,591
339889530-1,Gorgon, The,Dewie Hawkswell,592
938492438-5,Beneath Hill 60,Killie O'Sharkey,593
630779333-3,Wonder Bar,Gael Jakeway,594
223670003-2,Boys Are Back, The,Lorena Willsmore,595
029845168-9,Can't Hardly Wait,Teodor Lello,596
728363787-7,Yamakasi - Les samouraïs des temps modernes,Coriss Treat,597
443598105-X,Rough Night in Jericho,Melva Rusbridge,598
556476662-8,Love and Death,Micki Wallsworth,599
071180652-7,Rolling,Cally Thebes,600
596345728-9,Kevin Hart: Let Me Explain,Claudell Luparto,601
673553384-4,Deception,Ursala Coviello,602
707654660-4,Daayen Ya Baayen,Hanni Franchi,603
322369755-1,Summer and Smoke,Jarid Pyffe,604
099697602-7,Manhattan Murder Mystery,Roscoe Carabet,605
465373680-4,Gangs of New York,Jan Scalia,606
314278003-3,Grind,Bran Duddell,607
864086655-4,Snow Walker, The,Parker Voisey,608
690978566-5,Red Squirrel, The (Ardilla roja, La),Wat Channing,609
611812887-1,The Radio Pirates,Aurora Grammer,610
588527228-X,Masterminds,Inna Baggiani,611
667400331-X,Commune,Robenia Rubke,612
624356361-8,Enquiring Minds: The Untold Story of the Man Behind the National Enquirer,Mureil Merrgan,613
379717349-0,Anchorman: The Legend of Ron Burgundy,Moe Ewence,614
788423254-5,Lebanon, Pa.,Babb Loxston,615
456502477-2,Time of Eve (Eve no jikan),Washington Raine,616
844835963-1,Cutting Edge, The,Cori Casemore,617
557218301-6,Fuck Up,Jocelin McCaskill,618
785406755-4,Macbeth,Nickolas Chmarny,619
105165533-1,Wyvern,Roderick Goggins,620
735200740-7,Lust for Gold,Mattias Agiolfinger,621
763314438-6,Marvin's Room,Ester Flacknoe,622
636572788-7,Selma,Odelinda Horry,623
286178861-5,ATL,Christy Batchelar,624
104095389-1,We Need a Vacation (Fais-moi des vacances),Kameko Shilston,625
173873662-8,Sheena,Skippy Viveash,626
574610383-7,Once Upon a Warrior (Anaganaga O Dheerudu),Malinda Iacopo,627
103474156-X,Four Horsemen,Hale Joselovitch,628
564543087-5,All the President's Men,Aloysia Camplin,629
998815826-2,Assisted Living,Dorothy Blasdale,630
997880400-5,The Hunting Ground,Georgeta Lankham,631
028093302-9,Hava Nagila: The Movie,Shaylynn Follos,632
909828802-2,Dark Angel, The,Andy Wallsam,633
875571634-2,23 Paces to Baker Street,Yolanthe Yoskowitz,634
254614338-7,Charlie Chan in Dangerous Money,Pauletta Furneaux,635
292492077-9,The Fearless Four,Zolly Menhenitt,636
610107831-0,Ring, The,Adena Haxbie,637
695222496-3,They Call Me Mister Tibbs!,Farand Knowlton,638
706795360-X,Melissa P.,Griswold Lomond,639
864466054-3,Chop Shop,Dario Anfrey,640
785966966-8,Frenchman's Creek,Norton Frill,641
085869311-9,Advantageous,Tessa Crockett,642
301339846-9,Criminal Code, The,Mac Pesek,643
222725520-X,Kummelin jackpot,Dion Lawn,644
844067097-4,Griff the Invisible,Bernhard Dobinson,645
069356030-4,America the Beautiful 2: The Thin Commandments,Bent O'Fogarty,646
493086523-9,Ship of Fools,Oona Ovise,647
649251945-0,Chorus, The (Hamsarayan),Charita Berling,648
811733880-7,Ten, The,Willem Hannabus,649
438608312-X,Little Engine That Could, The,Terri Corrin,650
834438473-7,Greaser's Palace,Collette Chadburn,651
289248064-7,New World (Shin-sae-gye),Tammara Satchel,652
420243695-4,Catwalk,Bryn Ferroli,653
762750452-X,Maid, The (Nana, La),Giulio Bolstridge,654
246184415-1,Human Capital (Il capitale umano),Ricard Ruler,655
572223371-4,Emma,Terrye Jerrom,656
112032328-2,Formosa Betrayed,Dot Gladwish,657
119739977-1,Weather Man, The,Robbert Dainton,658
433521052-3,Children of the Corn II: The Final Sacrifice,Ripley Spittall,659
230814770-9,Debtocracy,Celinka Curedell,660
690882006-8,Women Without Men (Zanan-e bedun-e mardan),Huberto Laight,661
391399572-2,Princess (Prinsessa),Carlos Rowlstone,662
461963938-9,Girl Next Door, The,Manon Bean,663
133650413-7,Dabangg 2,Daron Ealam,664
073040234-7,Thale,Lorry Stearns,665
884349284-5,Manon of the Spring (Manon des sources),Deny Haswell,666
106888165-8,Karlsson Brothers (Bröderna Karlsson),Godfry Sheryne,667
243576959-8,Prowl,Maridel Downage,668
765371709-8,Wetherby,Eilis Kopisch,669
082425449-X,The Great Gatsby,Ola Jodrelle,670
830713385-8,Fifty Pills,Shae Laughlan,671
344145883-4,Follow the Fleet,Ray Skipping,672
047094853-1,Girl Who Played with Fire, The (Flickan som lekte med elden),Gunar Camsey,673
772239189-3,That Darn Cat!,Betsey Greenset,674
174773845-X,Summertime,Meryl Dedmam,675
911931535-X,Lemony Snicket's A Series of Unfortunate Events,Lazarus Jodrelle,676
885143156-6,Tokyo Drifter (Tôkyô nagaremono),Marne Zorer,677
450522779-0,Alien³ (a.k.a. Alien 3),Marybelle Keveren,678
011842787-3,Such Is Life (Así es la vida...),Ronni Spraggon,679
502948631-3,Blonde Venus,Mathias Greetham,680
741007579-1,Company Men, The,Shamus Hugland,681
767498314-5,Hitler's Stealth Fighter,Geri St. Quintin,682
451595949-2,Into the Storm,Turner Menego,683
104071894-9,Dial 1119,Ingamar Plenderleith,684
804737872-4,Omega Doom,Kirsti Berthe,685
849797781-5,The Old Maid,Row Jeakins,686
935203134-2,Kidnapping Mr. Heineken,Aloisia Dufty,687
478075696-0,Henri-Georges Clouzot's Inferno (L'enfer d'Henri-Georges Clouzot),Micheil Summerskill,688
526308544-3,Portraits Chinois,Corenda Kilpin,689
819522108-4,Dark Hours, The,Kali Worham,690
402297974-7,Spirits of the Dead,Golda Scuffham,691
221574689-0,Le convoyeur,Beth Shasnan,692
963233275-X,Suburbia,Dwight Carlton,693
936011508-8,War and Peace (Jang Aur Aman),Reinald Gilley,694
044237335-X,Above the Rim,Arlyne Silverwood,695
052624025-3,Mumblecore,Corabel Strelitzer,696
696521014-1,Lethal Weapon 2,Wainwright Croce,697
202237934-9,Eros (Men and Women) (Noite Vazia),Nat Spurier,698
288420108-4,Makai Tensho: Samurai Reincarnation (Makai tenshô),Juliana Kubicek,699
540240295-7,Last Bolshevik, The (Tombeau d'Alexandre, Le),Flora Duham,700
652554299-5,Between Heaven and Hell,Paxton Matzke,701
933149910-8,Haunted World of El Superbeasto, The,Orsa Crotty,702
005070206-8,War Room, The,Axe Wigfall,703
247877295-7,For Ever Mozart,Spenser Gration,704
343302812-5,Gold Raiders,Sholom Piniur,705
281514076-4,Golden Coach, The (Le carrosse d'or),Kirstin Tillard,706
257772031-9,Centennial,Iggie Bernhard,707
979950395-7,Yu-Gi-Oh!: Bonds Beyond Time (Gekijouban Yuugiou: Chouyuugou! Jikuu o koeta kizuna),Jamill Kroger,708
287870491-6,Rugrats Movie, The,Janaye Helleckas,709
520121701-X,Mother (Madeo),Belle Ambrogiotti,710
680489073-6,Doughboys,Brion Simmings,711
050494214-X,MURDER and murder,Joelie Neylan,712
674344918-0,Snow White (Blancanieves),Ben Laise,713
864377251-8,Eye See You (D-Tox),Mal Linstead,714
140283068-8,Emergency Squad,Merell Lucey,715
972083862-0,Run Fatboy Run,Colin Axton,716
454493614-4,Razor's Edge, The,Kayley Gierck,717
434602172-7,Farewell to Arms, A,Cosette Muffett,718
967408309-X,Heartbeats (Kohtaamisia),Germain Asbrey,719
792611739-0,Italian Job, The,Jacquelynn Seaborn,720
886235950-0,Two Ninas,Jaine Hamelyn,721
841176973-9,Dog Soldiers,Terry Rojel,722
049381911-8,Sweet Jesus, Preacherman,Evin Jellman,723
907413758-X,Homicidal,Gloria Scotchbourouge,724
932937223-6,The Rag Man,Drake Jachimak,725
262809882-2,Canvas,Bobbie Reavell,726
738783391-5,Twilight of the Ice Nymphs,Raddy Emney,727
049414472-6,Senseless,Rhetta Sherington,728
258278056-1,Night Across the Street (La noche de enfrente),Shel Stockle,729
881949329-2,Classe Tous Risques (Big Risk, The),Jena Lankford,730
935101172-0,What Time Is It There? (Ni neibian jidian),Jake Dewen,731
569975478-4,How to Be a Serial Killer,Philly Fearey,732
677962361-X,Blade of the Ripper,Costanza Peploe,733
787434177-5,Devil's Rejects, The,Mendel Reyne,734
255218431-6,Rosario Tijeras,Meggie Duffett,735
928928987-2,Today You Die,Ingmar de Clerk,736
026103888-5,Trip to Mars, A,Coral Everest,737
390059854-1,Superweib, Das,Fred Padginton,738
249008123-3,How to Lose Friends & Alienate People,Buddy Carrack,739
994256101-3,You and Me,Filip Belsham,740
955425044-4,Envy (Kiskanmak),Margaretha Tows,741
919261133-8,Blind Mountain (Mang shan),Tim Matsell,742
351677518-1,Crime and Punishment,Leah Schops,743
680929749-9,Punk in London,Chrissy Pardy,744
907853209-2,Keys to the House, The (Chiavi di casa, Le),Pearle Whitney,745
361446143-2,Up Periscope,Daffi Rodders,746
790800952-2,Stealing Beauty,Mil Borres,747
913556594-2,The Black Rose,Euphemia Spikeings,748
385391576-0,Decade Under the Influence, A,Finlay Twaits,749
290997411-1,Negative Happy Chainsaw Edge (Negatibu happî chênsô ejji),Emalia Kerss,750
621473953-3,Valdez Is Coming,Geraldine Chuney,751
060835002-8,Angel Face,Zachariah Sabater,752
457941894-8,Thurgood,Kennie Cordero,753
593773266-9,Diary of a Lost Girl (Tagebuch einer Verlorenen),Shanda Messam,754
019654535-8,Dead Outside, The,Darren Walworth,755
277712689-5,Rampage at Apache Wells,Midge Georghiou,756
163652354-4,Gambler, The (Játékos, A),Gwenny Harrill,757
099126527-0,Oklahoma Kid, The,Hayward Girkins,758
952462151-7,ChubbChubbs!, The,Niall Holston,759
327631798-2,Oasis,Wynny Challenor,760
107845299-7,Myth of the American Sleepover, The,Brittni Treagust,761
923979894-3,Zatoichi at Large (Zatôichi goyô-tabi) (Zatôichi 23),Velvet Coushe,762
871762201-8,Go Figure (Va savoir),Joaquin Stair,763
719963103-0,Rush,Frederica Orgen,764
976484074-4,Appleseed Alpha,Frederica Tuxwell,765
775158421-1,It's a Bikini World,Mae Scahill,766
652676830-X,Shadow People,Marcelle Featherstonhaugh,767
781169153-1,Dark Star,Chev Van den Hof,768
960584344-7,Loose Change 9/11: An American Coup,Adam Adamovitch,769
573601583-8,Princesas,Emery Vonasek,770
226969922-X,Recruiter, The,Yankee Kolis,771
141538398-7,Extraterrestrial,Janie Brouard,772
494331621-2,Foreign Affair, A,Roselin McCambridge,773
581001132-2,Year One,Grenville Rawe,774
784557086-9,G.I. Joe: Operation Dragonfire,Miller Dunsleve,775
516889358-9,Funeral, The (Ososhiki),Kriste Trubshawe,776
497057305-0,Quartet,Rocky Ingledew,777
914138604-3,In the Name of the King III,Jecho O'Spellissey,778
277366884-7,Westfront 1918,Vida Wasteney,779
532806201-9,Daddy Day Care,Wilma Berrington,780
036802016-9,Tenderness,Romonda Letch,781
959588671-8,Elektra,Gerry Fewell,782
934946416-0,American Crime, An,Loni Fealy,783
305708725-6,Good Guy, The,Tate Willett,784
136700439-X,Generale Della Rovere, Il,Carolin Nealon,785
223648144-6,Alien from L.A.,Magdaia Stoffers,786
173827263-X,Anna Karenina,Rosalinda Bidder,787
775634606-8,Still Alice,Lily Tackell,788
595745921-6,Hilton!,Annabelle Tinklin,789
278726968-0,Curse of Chucky (Child's Play 6),Pris Rigmand,790
243314599-6,Friends at the Margherita Cafe, The (Gli amici del bar Margherita),Ania Messenger,791
723710627-9,976-EVIL II,Mickie Skeldon,792
609643406-1,Clash of the Wolves,Marleah Elcoux,793
880378445-4,Carousel,Cher Wyldbore,794
576095610-8,Fast Food,Laina Longthorn,795
389496081-7,Buck Privates,Willa Devereu,796
267866137-7,Road, The,Berrie Elsdon,797
510802693-5,Standing Up,Emlyn Yakov,798
334252253-4,Lincoln Lawyer, The,Kim Benedit,799
956235589-6,Moving Alan,Vale Bossingham,800
884072752-3,Not Here to Be Loved (Je ne suis pas là pour être aimé),Karney Kiehl,801
777937197-2,Sword of the Valiant,Gaylord Josephi,802
416354316-3,Gamera vs. Barugon,Piotr Lockyer,803
393412942-0,Dark Days,Abeu Labbe,804
149733852-2,Humoresque,Reeba Yeo,805
792739596-3,Star Wars: Episode VI - Return of the Jedi,Karlotta Ellery,806
895879382-1,Morituri,Midge Blenkinsopp,807
453189230-5,Every Man for Himself (Slow Motion) (Sauve qui peut (la vie)),Dorine Waszczykowski,808
240495876-3,High and Dizzy,Parry Larmouth,809
556048457-1,Magic Mike,Jeannette Reynoollds,810
214583589-X,Svidd Neger,Karlee Barens,811
200517095-X,Faust,Koral Lanfare,812
094739299-8,3 Backyards,Mellisent Fawcitt,813
010606801-6,Reckoning, The,Winn Blaber,814
775716614-4,Rites of May, The (Itim),Allen Murcott,815
875771139-9,Metalstorm: The Destruction of Jared-Syn,Jon Lunge,816
684603543-5,Prelude to a Kiss,Lorenza M'Chirrie,817
303377188-2,Movie, A,Othilia Whitters,818
671808631-2,I giorni contati,Waldemar Chishull,819
795573586-2,Colour Me Kubrick: A True...ish Story,Neale Alaway,820
392139306-X,Orwell Rolls in His Grave,Nicola Hagger,821
043869914-9,Vampir (Cuadecuc, vampir),Alejandrina Schulze,822
691300852-X,Little Lord Fauntleroy,Federico Kitchinghan,823
413007691-4,28 Up,Tymon Follis,824
517470813-5,Shadow Dancer, The (Shadows in the Sun),Waneta Iddy,825
087798420-4,Deception,Thea Shanley,826
807730661-6,Penny Serenade,Garrik Spradbrow,827
961741860-6,Fantastic Planet, The (Planète sauvage, La),Fitzgerald Rounding,828
143795670-X,Underworld,Lissy Esposi,829
000236208-2,Institute Benjamenta, or This Dream People Call Human Life,Gail McConaghy,830
832240837-4,Manuel on the Island of Wonders (Manoel dans l'île des merveilles),Obed Darthe,831
082952365-0,Asterix and Cleopatra (Astérix et Cléopâtre),Ginny Crocombe,832
635597237-4,Searchers, The,Vivian O'Sherin,833
323732408-6,White Chicks,Geoffrey Snedden,834
429644082-9,A Pistol For Ringo,Tabby Arlett,835
987269914-3,Band of Brothers,Dare Ping,836
205672562-2,Prey, The (La proie),Dagny Greeves,837
008263837-3,Bring on the Night,Mendie Ridpath,838
541271712-8,Nick and Norah's Infinite Playlist,Valdemar Attkins,839
797380919-8,Construction, The (En construcción),Grantley Kabisch,840
393911824-9,Doubt,Janaye MacKibbon,841
014837568-5,Opposing Force,Salem Smithson,842
947292746-7,Me, Myself & Irene,Ebonee Snaddin,843
476503922-6,Puff, Puff, Pass,Izak Olivia,844
417767046-4,Hijacking Catastrophe: 9/11, Fear & the Selling of American Empire,Bambie Footitt,845
794188939-0,Don't Go In the Woods,Brynne Muir,846
221235291-3,Cabinet of Dr. Ramirez, The,Win Pringle,847
233468860-6,Raven, The,Yettie Booeln,848
160247253-X,Tangerines,Skye Ionesco,849
339469769-6,Amigo,Em Fayer,850
576740127-6,First Name: Carmen (Prénom Carmen),Amalie Oger,851
363855989-0,Blind Chance (Przypadek),Joel Hadley,852
927867953-4,Sweet Movie,Nathanil Cogswell,853
727178738-0,Devil Came on Horseback, The,Malina Semor,854
774603751-8,Me and you (io e te),Dede Sawney,855
131282297-X,Following,Tanhya Simonetti,856
963098293-5,Reaching for the Moon,Kira Elder,857
529357863-4,Asphalt Jungle, The,Morris Dollin,858
445194563-1,Mike's New Car,Neville Armal,859
797191273-0,In the Basement,Hermione Mundy,860
989071948-7,Cave of the Yellow Dog, The,Hollyanne Benam,861
144185909-8,Peas at 5:30 (Erbsen auf halb 6),Katey Bielefeld,862
353507962-4,Ninja Cheerleaders,Lester Tilston,863
625387589-2,The Substitute 4: Failure Is Not an Option,Candie Rove,864
023390187-6,Gone Fishin',Sascha Lockery,865
185686916-4,Goldfish Memory,Emelyne Pelchat,866
589251562-1,Stopped on Track,Ettie Woodall,867
814462755-5,Exorcismus,Ermanno Arnett,868
601187073-2,Beyond the Forest,Nichols Sheilds,869
986889215-5,Fire and Ice,Romona Mosby,870
758104031-3,Polyester,Grady Jakoubek,871
729361270-2,Solid Gold Cadillac, The,Pennie Follen,872
417403657-8,Oedipus Rex (Edipo re),Toddy Machin,873
212314007-4,Divorce - Italian Style (Divorzio all'italiana),Emmaline Haibel,874
893657599-6,The Cop in Blue Jeans,Elsy Bubeer,875
604936668-3,Detour,Lisbeth Finneran,876
505310984-2,Party Girl,Ariella MacArdle,877
955162397-5,Adrift (À Deriva),Brandtr McNysche,878
951555278-8,Your Life in 65 (Tu vida en 65'),Linnie Gatty,879
084095084-5,Red Balloon, The (Ballon rouge, Le),Gottfried Caghan,880
137978401-8,Count Dracula (Nachts, wenn Dracula erwacht),Haven MacPaike,881
443011099-9,Ball of Fire,Jeromy Bastin,882
682832694-6,Code, The (Mentale, La),Rolland Rusling,883
050202925-0,Joffrey: Mavericks of American Dance,Emmery Coggen,884
579728460-X,Viper in the Fist,Kennie Halsted,885
516154352-3,Dark Night of the Scarecrow,Merle Gitting,886
934397804-9,Control (Kontroll),Cletis Bouldon,887
170249182-X,School of Rock,Katuscha Broomhead,888
491737270-4,House on Haunted Hill,Patience Basset,889
977843161-2,Neon Bible, The,Sutherland Aulsford,890
248481853-X,Sam Peckinpah: Man of Iron,Robbie Paskerful,891
880295392-9,War of the Robots (La guerra dei robot),Tracie Proffer,892
890858012-3,Nativity Story, The,Jason Casbon,893
957183085-2,Good Year, A,Winnie Travers,894
444897996-2,Morons From Outer Space,Milli Kaines,895
187214037-8,Matrix Revolutions, The,Garrard Akess,896
753977652-8,Professor Beware,Beck Petrulis,897
397824795-X,One in the Chamber,Dalis Rosedale,898
790856361-9,King Kong,Addie Ackerley,899
938293322-0,Portrait Werner Herzog,Mead Pidgin,900
608352605-1,Doctor Dolittle,Shayne MacCostigan,901
295380759-4,To Sleep with Anger,Colette Bewley,902
123655332-2,Saint Joan,Rosana Cops,903
804712948-1,Rififi (Du rififi chez les hommes),Lenore Penwell,904
225410914-6,Life On A String (Bian chang Bian Zou),Gerome Kornyakov,905
372930635-9,Walk on Water,Padraig Zold,906
121960010-5,Cobra,Lezlie Toffolo,907
193361926-0,Wrestling (Bræðrabylta),Roosevelt Eddison,908
274893168-8,Secret of Roan Inish, The,Arliene Bartoszewicz,909
726964890-5,Night on Earth,Sileas Knott,910
015806549-2,Last Exorcism, The,Romeo Willoughey,911
675633431-X,Year of the Wolf, The (Suden vuosi),Roddie Malby,912
298483139-X,Winter of Discontent,Piotr Vankov,913
400864035-5,Franz Kafka's a Country Doctor,Garey Drysdale,914
612734398-4,Campaign, The,Cacilie Nehl,915
988477476-5,Angels Over Broadway,Danny Buzine,916
607573904-1,Bebe's Kids,Nicolais Chappelow,917
356686606-7,Lightning Bolt: The Power of Salad,Benetta Jennings,918
991706580-6,Het Vonnis,Roberta Rawlcliffe,919
935897033-2,Skyline,Nonna Jaquiss,920
186256876-6,Broderskab (Brotherhood),Jaquenette Bloor,921
319355765-X,Secretariat,Liza Champagne,922
785994858-3,Tyler Perry's Madea's Big Happy Family,Alanna Fairn,923
127104199-5,Inuyasha the Movie: The Castle Beyond the Looking Glass,Averyl Brunon,924
090517252-3,Sailor Who Fell from Grace with the Sea, The,Catriona Clear,925
747751047-3,Head Games,Ardeen Matisse,926
746061773-3,Deadly Trackers, The,Valentino Simonsson,927
165713613-2,Mostly Unfabulous Social Life of Ethan Green, The,Merill Shotboult,928
782009818-X,Henry Fool,Gwyneth Sidebotton,929
013086614-8,Inside Man,Estel Rouke,930
539832747-X,Hum Tumhare Hain Sanam,Cheslie Keyhoe,931
233717998-2,Russian Roulette,Avigdor Pleass,932
771622666-5,Match Factory Girl, The (Tulitikkutehtaan tyttö),Anatol Kennea,933
040421162-3,Cowboys & Aliens,Joelie Gunson,934
503165125-3,Connections,Corrianne Beinke,935
167892177-7,Black Beauty,Fernande Macci,936
268218185-6,Barfi!,Giustino Toolan,937
327270920-7,Kansas Raiders,Claiborne Volks,938
964579547-8,Pretty One, The,Vincenz Laytham,939
518412042-4,Jim Jefferies: I Swear to God,Tilly Barley,940
190046192-7,Not for or Against (Quite the Contrary) (Ni pour, ni contre (bien au contraire)),Margit Bateson,941
322316994-6,Bananas!*,Pris Ducker,942
173765014-2,According to Spencer,Othello Dunaway,943
318133938-5,Newsfront,Ancell Aris,944
903166488-X,Bridge, The (Most),Chance Betz,945
177759251-8,Flesh Merchant, The (Wild and Wicked, The),Reinwald Shemelt,946
626811380-2,American Ninja 5,Humberto Younger,947
445103710-7,Canned Dreams (Säilöttyjä unelmia),Riley McFarland,948
747836482-9,Analyze That,Cathe Rubinfajn,949
733435462-1,Barefoot (Barfuss),Gwendolen Gorham,950
630220271-X,Guyver, The,Octavia Batts,951
064456182-3,Indian Summer,Raf Windram,952
457939249-3,The Sex and Violence Family Hour,Gussie Ornells,953
286668268-8,Mezzo Forte,Shawna Emms,954
164604228-X,Sentinel, The,Minny Bridgement,955
254075946-7,Marquise of O, The (Marquise von O..., Die),Huntlee Brocklesby,956
650640677-1,Meetin' WA,Anet Coaster,957
729001720-X,Burning Palms,Myca Tyre,958
604227037-0,El Lobo,Corty Cramer,959
595369768-6,We Live Again,Clarabelle Hallybone,960
138418362-0,Hitchhiker's Guide to the Galaxy, The,Cos Bonehill,961
923150140-2,Made in America,Adelaide Cheel,962
447407776-8,Cut and Run (Inferno in diretta),Barbabas Fussie,963
431509350-5,Queen of the Damned,Sanders Irdale,964
829222725-3,Distant Thunder (Ashani Sanket),Laryssa de Courcey,965
864687034-0,Vital,Carissa Arnison,966
711128787-8,Kindred, The,Von Ruos,967
103767754-4,Joanna,Payton Gritland,968
258268352-3,Baby, the Rain Must Fall,Dennet Abethell,969
950534781-2,Tokyo Joe,Ricard Panniers,970
323639942-2,Secret Sunshine (Milyang),Rebbecca Reidie,971
728871850-6,Acla, The Descent into Floristella (La discesa di Aclà a Floristella),Candice Coviello,972
381695803-6,Hurry Sundown,Brose Bertomieu,973
202938280-9,Satan Bug, The,Leora Fibbens,974
167055392-2,Family Business,Thedric Dumphy,975
033878140-4,No Man's Land,Kinnie Lemoir,976
554743131-1,Glenn Miller Story, The,Gypsy Hartles,977
982809068-6,Juno and the Paycock,Kristoffer Tidbold,978
028165978-8,Devil and Max Devlin, The,Robbie Yurlov,979
709102723-X,Reclaim,Jacklyn Drinkwater,980
613886740-8,Loveless, The (Breakdown),Shayna Simonett,981
759850232-3,Killing Lincoln,Caresse Cow,982
813054292-7,Medium Cool,Yetta Legge,983
533634824-4,Rescue Dawn,Reiko Poynser,984
815587589-X,Flight of the Red Balloon (Voyage du ballon rouge, Le),Mimi Hollingsby,985
160031474-0,Carancho,Francene Aartsen,986
623752562-9,Ecstasy (Éxtasis),Derk Norway,987
348941049-1,Fruitvale Station,Allegra Abrahamsen,988
832169641-4,Scatter My Ashes at Bergdorf's,Margie McCart,989
400345623-8,6 Bullets,Rozele Mocquer,990
236145241-3,Guardian, The,Felita Scotts,991
296395780-7,Chain of Fools,Tandie Wooffitt,992
800438326-2,Varan the Unbelievable,Artemas Beuscher,993
065469838-4,Symmetry (Symetria),Shaylynn Chastaing,994
234179941-8,Glue,Saree Sussams,995
363781856-6,Strawberry Blonde, The,Arnold Doneld,996
017881717-1,7 Faces of Dr. Lao,Fairleigh Giabucci,997
617452655-0,Strange Invaders,Erminie Ferguson,998
274601427-0,Honeymoon Killers, The,Alvira Swindin,999
415144762-8,Shout,Willy Connolly,1000
